Input Frequency,Desired Frequency,Real Frequency,D,M,F,O
100,100,100.24981831395348,8,344,55,43
100,101,101.24893707482993,7,297,43,42
100,102,102.24867724867724,9,386,32,42
100,103,102.85714285714286,5,216,0,42
100,104,104.24923780487805,2,85,31,41
100,105,105.24961890243902,4,172,39,41
100,106,106.24609375,10,424,63,40
100,107,107.24888392857142,7,300,19,40
100,108,108.0,5,216,0,40
100,109,109.24979967948718,8,340,55,39
100,110,110.24973290598292,6,257,63,39
100,111,110.76923076923077,5,216,0,39
100,112,112.24917763157895,10,426,35,38
100,113,113.24926900584794,9,387,20,38
100,114,114.24951737451738,7,295,58,37
100,115,115.24962462462463,9,383,50,37
100,116,116.24906156156158,9,387,7,37
100,117,116.75675675675676,5,216,0,37
100,118,118.24845679012346,9,383,8,36
100,119,119.24913194444444,2,85,55,36
100,120,120.0,5,216,0,36
100,121,121.24553571428571,10,424,23,35
100,122,122.24888392857143,8,342,19,35
100,123,123.24900793650795,9,388,15,35
100,124,124.24938725490195,3,126,47,34
100,125,125.24947478991598,7,298,6,34
100,126,126.24846813725489,6,257,35,34
100,127,127.05882352941177,5,216,0,34
100,128,128.24928977272728,8,338,37,33
100,129,129.2495265151515,4,170,39,33
100,130,130.24976325757575,8,343,55,33
100,131,130.9090909090909,5,216,0,33
100,132,132.24826388888889,9,380,56,32
100,133,133.2470703125,10,426,25,32
100,134,134.24944196428572,7,300,46,32
100,135,135.0,5,216,0,32
100,136,136.2483198924731,6,253,27,31
100,137,137.24798387096774,1,42,35,31
100,138,138.24974798387098,8,342,55,31
100,139,139.24971198156683,7,302,11,31
100,140,140.2488425925926,9,378,43,30
100,141,141.24479166666666,10,423,47,30
100,142,142.24826388888886,6,256,3,30
100,143,143.24869791666666,8,343,51,30
100,144,144.0,5,216,0,30
100,145,145.24964080459773,6,252,47,29
100,146,146.24865301724137,8,339,19,29
100,147,147.2467672413793,10,427,1,29
100,148,148.2489224137931,2,85,63,29
100,149,148.9655172413793,5,216,0,29
100,150,150.24801587301587,9,378,40,28
100,151,151.24860491071428,8,338,51,28
100,152,152.24888392857142,10,426,19,28
100,153,153.24900793650792,9,386,12,28
100,154,154.24904336734696,7,302,21,28
100,155,155.24966931216932,7,293,27,27
100,156,156.24421296296296,10,421,55,27
100,157,157.24826388888889,4,169,53,27
100,158,158.2497427983539,9,384,35,27
100,159,159.2496141975309,6,257,63,27
100,160,160.0,5,216,0,27
100,161,161.24799679487177,6,251,35,26
100,162,162.2495993589744,6,253,7,26
100,163,163.24786324786325,9,382,0,26
100,164,164.24946581196582,9,384,22,26
100,165,165.24939903846155,4,171,55,26
100,166,166.15384615384616,5,216,0,26
100,167,167.24375,10,418,7,25
100,168,168.24375,10,420,39,25
100,169,169.24375,10,423,7,25
100,170,170.24375,10,425,39,25
100,171,171.24375,10,428,7,25
100,172,172.24375,10,430,39,25
100,173,172.8,5,216,0,25
100,174,174.2476851851852,9,376,24,24
100,175,175.24956597222226,6,252,23,24
100,176,176.2478298611111,6,253,51,24
100,177,177.24971064814815,9,382,55,24
100,178,178.24869791666666,10,427,51,24
100,179,179.248046875,4,172,5,24
100,180,180.0,5,216,0,24
100,181,181.24320652173913,10,416,55,23
100,182,182.24961180124225,7,293,27,23
100,183,183.24922360248448,7,295,2,23
100,184,184.24883540372673,7,296,41,23
100,185,185.24966032608697,8,340,55,23
100,186,186.24805900621118,7,299,55,23
100,187,187.2486413043478,10,430,43,23
100,188,187.82608695652175,5,216,0,23
100,189,189.2489346590909,8,333,5,22
100,190,190.24959415584416,7,292,63,22
100,191,191.24842171717174,9,378,43,22
100,192,192.24964488636363,8,338,23,22
100,193,193.24573863636363,10,425,9,22
100,194,194.2471590909091,1,42,47,22
100,195,195.2493686868687,9,386,38,22
100,196,196.24763257575754,6,259,3,22
100,197,197.2470238095238,1,41,27,21
100,198,198.24735449735448,9,374,44,21
100,199,199.2485119047619,10,418,27,21
100,200,200.2480158730159,3,126,10,21
100,201,201.24834656084658,9,380,23,21
100,202,202.2486772486772,9,382,16,21
100,203,203.2490079365079,3,128,3,21
100,204,204.24933862433863,9,386,2,21
100,205,205.24966931216932,9,387,59,21
100,206,206.2421875,10,412,31,20
100,207,207.2482638888889,9,373,3,20
100,208,208.24776785714283,7,291,35,20
100,209,209.248046875,8,334,51,20
100,210,210.24739583333331,6,252,19,20
100,211,211.2421875,10,422,31,20
100,212,212.2482638888889,9,382,3,20
100,213,213.24776785714283,7,298,35,20
100,214,214.248046875,8,342,51,20
100,215,215.24739583333331,6,258,19,20
100,216,216.0,5,216,0,20
100,217,217.24917763157896,4,165,7,19
100,218,218.2483552631579,10,414,43,19
100,219,219.2434210526316,1,41,42,19
100,220,220.24853801169587,9,376,40,19
100,221,221.24794407894737,8,336,19,19
100,222,222.24963450292398,9,380,3,19
100,223,223.24953007518798,7,296,59,19
100,224,224.24958881578948,8,340,55,19
100,225,225.24671052631578,1,42,51,19
100,226,226.24725877192978,6,257,59,19
100,227,227.2478070175439,3,129,34,19
100,228,228.24900793650795,7,287,38,18
100,229,229.24479166666666,10,412,41,18
100,230,230.2469135802469,9,373,0,18
100,231,231.24131944444446,10,416,15,18
100,232,232.24826388888889,2,83,39,18
100,233,233.24652777777777,1,41,63,18
100,234,234.24961419753086,9,379,31,18
100,235,235.24305555555554,1,42,22,18
100,236,236.24751984126982,7,297,43,18
100,237,237.24922839506175,9,384,22,18
100,238,238.24869791666666,8,343,5,18
100,239,239.24851190476193,7,301,29,18
100,240,240.0,5,216,0,18
100,241,241.2479575163399,9,369,7,17
100,242,242.2487745098039,3,123,35,17
100,243,243.249591503268,9,372,11,17
100,244,244.24894957983196,7,290,42,17
100,245,245.24816176470588,10,416,59,17
100,246,246.24693627450978,6,251,11,17
100,247,247.24264705882354,1,42,2,17
100,248,248.24448529411765,10,422,1,17
100,249,249.249387254902,6,254,15,17
100,250,250.24947478991598,7,297,51,17
100,251,251.2473739495798,7,298,63,17
100,252,252.24673202614377,9,385,60,17
100,253,253.24754901960787,3,129,10,17
100,254,254.11764705882354,5,216,0,17
100,255,255.2490234375,4,163,23,16
100,256,256.240234375,10,409,63,16
100,257,257.24826388888886,9,370,28,16
100,258,258.24652777777777,9,371,56,16
100,259,259.2494419642857,7,290,23,16
100,260,260.244140625,10,416,25,16
100,261,261.24674479166663,6,250,51,16
100,262,262.24888392857144,7,293,46,16
100,263,263.24869791666663,3,126,23,16
100,264,264.248046875,10,422,51,16
100,265,265.24832589285717,7,297,5,16
100,266,266.24755859375,8,340,51,16
100,267,267.24853515625,8,342,5,16
100,268,268.24951171875,8,343,23,16
100,269,269.24913194444446,9,387,46,16
100,270,270.0,5,216,0,16
100,271,271.2395833333333,10,406,55,15
100,272,272.2470238095238,7,285,55,15
100,273,273.2465277777777,6,245,59,15
100,274,274.2476851851852,9,370,15,15
100,275,275.2473958333333,8,330,19,15
100,276,276.2395833333333,10,414,23,15
100,277,277.2470238095238,7,291,7,15
100,278,278.2465277777777,6,250,27,15
100,279,279.2476851851852,9,376,63,15
100,280,280.2473958333333,8,336,19,15
100,281,281.2395833333333,10,421,55,15
100,282,282.2470238095238,7,296,23,15
100,283,283.2465277777777,6,254,59,15
100,284,284.2476851851852,9,383,47,15
100,285,285.2473958333333,8,342,19,15
100,286,286.2395833333333,10,429,23,15
100,287,287.2470238095238,7,301,39,15
100,288,288.0,5,216,0,15
100,289,289.24851190476187,3,121,31,14
100,290,290.24832589285717,8,325,5,14
100,291,291.24681122448976,7,285,27,14
100,292,292.249503968254,9,368,15,14
100,293,293.24776785714283,2,82,7,14
100,294,294.24603174603175,9,370,48,14
100,295,295.24872448979596,7,289,22,14
100,296,296.24720982142856,8,331,51,14
100,297,297.24702380952385,3,124,54,14
100,298,298.24776785714283,10,417,35,14
100,299,299.2466517857143,4,167,37,14
100,300,300.24801587301585,9,378,20,14
100,301,301.2462797619047,6,253,3,14
100,302,302.2480867346939,7,296,13,14
100,303,303.24900793650795,9,382,6,14
100,304,304.24107142857144,1,42,38,14
100,305,305.2455357142857,1,42,47,14
100,306,306.2388392857143,10,428,47,14
100,307,307.24330357142856,10,430,9,14
100,308,308.24776785714283,10,431,35,14
100,309,309.24278846153845,10,402,1,13
100,310,310.2463942307692,4,161,21,13
100,311,311.2465659340659,7,283,15,13
100,312,312.24759615384613,10,405,59,13
100,313,313.2478632478632,9,366,32,13
100,314,314.2494658119658,9,367,43,13
100,315,315.24939903846155,8,327,55,13
100,316,316.24599358974353,6,246,43,13
100,317,317.24759615384613,2,82,31,13
100,318,318.2491987179488,6,248,15,13
100,319,319.2479395604396,7,290,33,13
100,320,320.2457264957265,9,374,44,13
100,321,321.2473290598291,9,375,55,13
100,322,322.24893162393164,9,377,2,13
100,323,323.2486263736264,7,294,10,13
100,324,324.2487980769231,4,168,39,13
100,325,325.24038461538464,1,42,18,13
100,326,326.2469951923077,8,339,19,13
100,327,327.2493131868132,7,297,51,13
100,328,328.2451923076923,1,42,43,13
100,329,329.2467948717949,3,128,26,13
100,330,330.2483974358974,3,128,51,13
100,331,331.2379807692308,10,430,39,13
100,332,332.24759615384613,10,431,59,13
100,333,333.24652777777777,3,119,62,12
100,334,334.2447916666667,1,40,7,12
100,335,335.24925595238096,7,281,39,12
100,336,336.2467447916667,8,322,51,12
100,337,337.2395833333333,1,40,30,12
100,338,338.2486979166667,4,162,23,12
100,339,339.2485119047619,7,284,62,12
100,340,340.2488425925926,9,367,30,12
100,341,341.24710648148147,9,368,35,12
100,342,342.2453703703704,9,369,40,12
100,343,343.2477678571429,7,288,21,12
100,344,344.2491319444445,6,247,55,12
100,345,345.2473958333333,2,82,55,12
100,346,346.2456597222222,6,249,19,12
100,347,347.2493489583333,8,333,23,12
100,348,348.2494212962963,9,376,7,12
100,349,349.24768518518516,9,377,12,12
100,350,350.2473958333333,10,420,19,12
100,351,351.24627976190476,7,295,3,12
100,352,352.24609375,4,169,5,12
100,353,353.2421875,10,423,57,12
100,354,354.248046875,8,340,5,12
100,355,355.2473958333333,10,426,19,12
100,356,356.2369791666667,10,427,31,12
100,357,357.24826388888886,3,128,39,12
100,358,358.2465277777778,3,128,62,12
100,359,359.2447916666667,1,43,7,12
100,360,360.0,5,216,0,12
100,361,361.24999999999994,5,198,44,11
100,362,362.24747474747477,9,358,40,11
100,363,363.2457386363636,4,159,53,11
100,364,364.2471590909091,10,400,43,11
100,365,365.2462121212121,3,120,34,11
100,366,366.2464488636364,8,322,19,11
100,367,367.24837662337666,7,282,50,11
100,368,368.2449494949495,9,364,36,11
100,369,369.24715909090907,2,81,15,11
100,370,370.2493686868687,9,366,35,11
100,371,371.24594155844153,7,285,55,11
100,372,372.2478693181818,8,327,37,11
100,373,373.248106060606,3,123,11,11
100,374,374.24918831168833,7,288,11,11
100,375,375.24857954545456,4,165,7,11
100,376,376.2468434343435,9,372,31,11
100,377,377.24905303030306,6,248,63,11
100,378,378.24928977272725,8,332,55,11
100,379,379.24715909090907,10,417,11,11
100,380,380.24147727272725,10,418,17,11
100,381,381.23579545454544,10,419,23,11
100,382,382.2443181818182,1,42,3,11
100,383,383.2386363636364,1,42,10,11
100,384,384.2487373737374,9,380,26,11
100,385,385.247564935065,7,296,41,11
100,386,386.24526515151507,6,254,59,11
100,387,387.2474747474747,9,383,24,11
100,388,388.2457386363636,4,170,53,11
100,389,389.24715909090907,10,428,11,11
100,390,390.2462121212122,3,128,50,11
100,391,391.2464488636364,8,344,19,11
100,392,392.24837662337666,7,302,2,11
100,393,393.24652777777777,9,353,59,10
100,394,394.24999999999994,5,197,8,10
100,395,395.24553571428567,7,276,43,10
100,396,396.234375,10,396,15,10
100,397,397.24609375,8,317,51,10
100,398,398.24652777777777,9,358,27,10
100,399,399.24999999999994,5,199,40,10
100,400,400.24553571428567,7,280,11,10
100,401,401.234375,10,401,15,10
100,402,402.24609375,8,321,51,10
100,403,403.24652777777777,9,362,59,10
100,404,404.24999999999994,5,202,8,10
100,405,405.24553571428567,7,283,43,10
100,406,406.234375,10,406,15,10
100,407,407.24609375,8,325,51,10
100,408,408.24652777777777,9,367,27,10
100,409,409.24999999999994,5,204,40,10
100,410,410.24553571428567,7,287,11,10
100,411,411.234375,10,411,15,10
100,412,412.24609375,8,329,51,10
100,413,413.2465277777778,9,371,59,10
100,414,414.24479166666663,6,248,35,10
100,415,415.24553571428567,7,290,43,10
100,416,416.234375,10,416,15,10
100,417,417.24609375,8,333,51,10
100,418,418.2465277777778,9,376,27,10
100,419,419.24479166666663,6,251,35,10
100,420,420.24553571428567,7,294,11,10
100,421,421.234375,10,421,15,10
100,422,422.24609375,8,337,51,10
100,423,423.2465277777778,9,380,59,10
100,424,424.24479166666663,6,254,35,10
100,425,425.24553571428567,7,297,43,10
100,426,426.234375,10,426,15,10
100,427,427.24609375,8,341,51,10
100,428,428.2465277777778,9,385,27,10
100,429,429.24479166666663,6,257,35,10
100,430,430.24553571428567,7,301,11,10
100,431,431.234375,10,431,15,10
100,432,432.0,5,216,0,10
100,433,433.24652777777777,2,77,63,9
100,434,434.2487373737374,11,429,58,9
100,435,435.24305555555554,1,39,11,9
100,436,436.24614197530866,9,353,23,9
100,437,437.2492283950617,9,354,11,9
100,438,438.2465277777778,10,394,27,9
100,439,439.2361111111111,1,39,34,9
100,440,440.2488425925926,6,237,47,9
100,441,441.24503968253964,7,277,63,9
100,442,442.2453703703704,3,119,26,9
100,443,443.2484567901235,9,359,2,9
100,444,444.24913194444446,8,319,55,9
100,445,445.2473958333333,8,320,37,9
100,446,446.24565972222223,8,321,19,9
100,447,447.24702380952385,7,281,49,9
100,448,448.24652777777777,10,403,27,9
100,449,449.24768518518516,3,121,19,9
100,450,450.2480158730159,7,283,42,9
100,451,451.24999999999994,5,203,4,9
100,452,452.2395833333333,10,407,1,9
100,453,453.24900793650795,7,285,35,9
100,454,454.2438271604938,9,367,60,9
100,455,455.2469135802469,9,368,48,9
100,456,456.2326388888889,10,410,39,9
100,457,457.2482638888889,4,164,39,9
100,458,458.24652777777777,2,82,31,9
100,459,459.2447916666667,4,165,21,9
100,460,460.24305555555554,1,41,27,9
100,461,461.2461419753087,9,373,39,9
100,462,462.2492283950617,9,374,27,9
100,463,463.24652777777777,10,416,59,9
100,464,464.2361111111111,1,41,50,9
100,465,465.24884259259267,6,251,15,9
100,466,466.24503968253964,7,293,47,9
100,467,467.24537037037044,3,126,10,9
100,468,468.2484567901235,9,379,18,9
100,469,469.24913194444446,8,337,55,9
100,470,470.2473958333333,8,338,37,9
100,471,471.24565972222223,8,339,19,9
100,472,472.24702380952385,7,297,33,9
100,473,473.24652777777777,10,425,59,9
100,474,474.2476851851851,3,128,3,9
100,475,475.2480158730159,7,299,26,9
100,476,476.2442129629629,6,257,11,9
100,477,477.2395833333333,10,429,33,9
100,478,478.24900793650795,7,301,19,9
100,479,479.2438271604938,9,388,12,9
100,480,480.0,5,216,0,9
100,481,481.2322443181818,11,423,31,8
100,482,482.2482638888889,9,347,14,8
100,483,483.24652777777777,9,347,60,8
100,484,484.2447916666667,3,116,14,8
100,485,485.24502840909093,11,427,1,8
100,486,486.2444196428571,7,272,19,8
100,487,487.24888392857144,7,272,55,8
100,488,488.2486979166667,6,234,23,8
100,489,489.2400568181818,11,430,34,8
100,490,490.234375,1,39,14,8
100,491,491.24999999999994,5,196,32,8
100,492,492.24609375000006,10,393,51,8
100,493,493.2477678571429,7,276,14,8
100,494,494.24913194444446,9,355,55,8
100,495,495.2473958333333,3,118,55,8
100,496,496.24565972222223,9,357,19,8
100,497,497.24609375,10,397,51,8
100,498,498.2421875,1,39,55,8
100,499,499.24665178571433,7,279,37,8
100,500,500.244140625,4,160,5,8
100,501,501.2451171875,8,320,51,8
100,502,502.24609375,2,80,23,8
100,503,503.2470703125,8,322,5,8
100,504,504.248046875,4,161,23,8
100,505,505.2490234375,8,323,23,8
100,506,506.23046875,10,404,63,8
100,507,507.2482638888889,9,365,14,8
100,508,508.24652777777777,9,365,60,8
100,509,509.2447916666667,3,122,14,8
100,510,510.24305555555554,9,367,24,8
100,511,511.2444196428571,7,286,19,8
100,512,512.2488839285714,7,286,55,8
100,513,513.2486979166667,6,246,23,8
100,514,514.23828125,10,411,25,8
100,515,515.234375,1,41,14,8
100,516,516.2434895833333,6,247,51,8
100,517,517.24609375,10,413,51,8
100,518,518.2477678571429,7,290,14,8
100,519,519.2491319444445,9,373,55,8
100,520,520.2473958333333,3,124,55,8
100,521,521.2456597222223,9,375,19,8
100,522,522.24609375,10,417,51,8
100,523,523.2421875,1,41,55,8
100,524,524.2466517857143,7,293,37,8
100,525,525.244140625,4,168,5,8
100,526,526.2451171875,8,336,51,8
100,527,527.24609375,2,84,23,8
100,528,528.2470703125,8,338,5,8
100,529,529.248046875,4,169,23,8
100,530,530.2490234375,8,339,23,8
100,531,531.23046875,10,424,63,8
100,532,532.2482638888889,9,383,14,8
100,533,533.2465277777777,9,383,60,8
100,534,534.2447916666667,3,128,14,8
100,535,535.2430555555555,9,385,24,8
100,536,536.2444196428571,7,300,19,8
100,537,537.2488839285714,7,300,55,8
100,538,538.2486979166667,6,258,23,8
100,539,539.23828125,10,431,25,8
100,540,540.0,5,216,0,8
100,541,541.2450396825396,9,340,63,7
100,542,542.2483766233767,11,417,34,7
100,543,543.2477678571429,4,152,7,7
100,544,544.2460317460317,9,342,56,7
100,545,545.2487244897959,7,267,11,7
100,546,546.2499999999999,5,191,12,7
100,547,547.2470238095237,3,114,59,7
100,548,548.2461734693878,7,268,41,7
100,549,549.2491883116883,11,422,59,7
100,550,550.2480158730159,9,346,42,7
100,551,551.2436224489795,7,270,7,7
100,552,552.2321428571429,1,38,42,7
100,553,553.249007936508,9,348,35,7
100,554,554.2410714285714,1,38,51,7
100,555,555.2455357142857,2,77,47,7
100,556,556.2297077922078,11,428,19,7
100,557,557.2443181818182,11,429,5,7
100,558,558.2386363636364,11,429,54,7
100,559,559.2474489795919,7,274,2,7
100,560,560.2475649350649,11,431,25,7
100,561,561.2444196428571,8,314,19,7
100,562,562.2488839285714,8,314,55,7
100,563,563.2440476190476,3,118,18,7
100,564,564.2485119047619,6,236,63,7
100,565,565.2455357142858,10,395,43,7
100,566,566.2450396825396,9,356,47,7
100,567,567.2433035714286,4,158,53,7
100,568,568.2477678571429,4,159,7,7
100,569,569.2460317460317,9,358,40,7
100,570,570.2487244897959,7,279,27,7
100,571,571.2499999999999,5,199,60,7
100,572,572.2470238095237,3,120,11,7
100,573,573.2461734693878,7,280,57,7
100,574,574.2466517857143,8,321,37,7
100,575,575.2480158730159,9,362,26,7
100,576,576.2436224489795,7,282,23,7
100,577,577.2321428571429,1,40,26,7
100,578,578.249007936508,9,364,19,7
100,579,579.2410714285714,1,40,35,7
100,580,580.2455357142857,2,81,15,7
100,581,581.2276785714286,10,406,55,7
100,582,582.2420634920635,9,366,52,7
100,583,583.2366071428571,10,408,17,7
100,584,584.2474489795919,7,286,18,7
100,585,585.2455357142857,10,409,43,7
100,586,586.2444196428571,8,328,19,7
100,587,587.2488839285714,8,328,55,7
100,588,588.2440476190477,3,123,34,7
100,589,589.248511904762,6,247,31,7
100,590,590.2455357142857,10,413,11,7
100,591,591.2450396825398,9,372,31,7
100,592,592.2433035714286,4,165,53,7
100,593,593.2477678571429,4,166,7,7
100,594,594.2460317460317,9,374,24,7
100,595,595.2487244897959,7,291,43,7
100,596,596.2425595238094,6,250,27,7
100,597,597.2470238095237,3,125,27,7
100,598,598.2461734693878,7,293,9,7
100,599,599.2466517857143,8,335,37,7
100,600,600.2480158730159,9,378,10,7
100,601,601.2436224489795,7,294,39,7
100,602,602.2321428571429,1,42,10,7
100,603,603.249007936508,9,380,3,7
100,604,604.2410714285714,1,42,19,7
100,605,605.2455357142857,2,84,47,7
100,606,606.2276785714286,10,424,23,7
100,607,607.2420634920635,9,382,36,7
100,608,608.2366071428571,10,425,49,7
100,609,609.2474489795919,7,298,34,7
100,610,610.2455357142857,10,427,11,7
100,611,611.2444196428571,8,342,19,7
100,612,612.2488839285714,8,342,55,7
100,613,613.2440476190477,3,128,50,7
100,614,614.248511904762,6,257,63,7
100,615,615.2455357142857,10,430,43,7
100,616,616.2450396825398,9,388,15,7
100,617,617.1428571428571,5,216,0,7
100,618,618.2291666666666,1,37,6,6
100,619,619.2471590909091,11,408,45,6
100,620,620.2473958333334,4,148,55,6
100,621,621.2425595238095,7,260,59,6
100,622,622.2470238095239,7,261,22,6
100,623,623.2481060606061,11,411,22,6
100,624,624.2476851851852,9,337,6,6
100,625,625.2367424242424,11,412,42,6
100,626,626.2442129629629,9,338,11,6
100,627,627.249053030303,11,413,63,6
100,628,628.2433712121212,11,414,41,6
100,629,629.2447916666667,10,377,35,6
100,630,630.2455357142858,7,264,45,6
100,631,631.2263257575758,11,416,39,6
100,632,632.2482638888889,6,227,39,6
100,633,633.2465277777777,3,113,63,6
100,634,634.2447916666666,2,76,7,6
100,635,635.2430555555555,3,114,22,6
100,636,636.2499999999999,5,190,56,6
100,637,637.2395833333334,1,38,15,6
100,638,638.2486979166666,8,306,23,6
100,639,639.2485119047619,7,268,31,6
100,640,640.2488425925926,9,345,47,6
100,641,641.2434895833334,8,307,51,6
100,642,642.2453703703703,9,346,52,6
100,643,643.2291666666666,1,38,38,6
100,644,644.2471590909091,11,425,13,6
100,645,645.2473958333334,4,154,55,6
100,646,646.2425595238095,7,271,27,6
100,647,647.2470238095239,7,271,54,6
100,648,648.2481060606061,11,427,54,6
100,649,649.2476851851852,9,350,38,6
100,650,650.2367424242424,11,429,10,6
100,651,651.2442129629629,9,351,43,6
100,652,652.249053030303,11,430,31,6
100,653,653.2433712121212,11,431,9,6
100,654,654.2447916666667,10,392,35,6
100,655,655.2455357142858,7,275,13,6
100,656,656.2239583333334,10,393,47,6
100,657,657.2482638888889,6,236,39,6
100,658,658.2465277777777,3,118,31,6
100,659,659.2447916666666,2,79,7,6
100,660,660.2430555555555,3,118,54,6
100,661,661.2499999999999,5,198,24,6
100,662,662.2395833333334,1,39,47,6
100,663,663.2486979166666,8,318,23,6
100,664,664.2485119047619,7,278,63,6
100,665,665.2488425925926,9,359,15,6
100,666,666.2434895833334,8,319,51,6
100,667,667.2453703703703,9,360,20,6
100,668,668.2291666666666,1,40,6,6
100,669,669.2447916666666,10,401,35,6
100,670,670.2473958333334,4,160,55,6
100,671,671.2425595238095,7,281,59,6
100,672,672.2470238095239,7,282,22,6
100,673,673.2421875,4,161,37,6
100,674,674.2476851851852,9,364,6,6
100,675,675.234375,10,405,9,6
100,676,676.2442129629629,9,365,11,6
100,677,677.24609375,8,325,5,6
100,678,678.2407407407408,9,366,16,6
100,679,679.2447916666667,10,407,35,6
100,680,680.2455357142858,7,285,45,6
100,681,681.2239583333334,10,408,47,6
100,682,682.2482638888889,6,245,39,6
100,683,683.2465277777777,3,122,63,6
100,684,684.2447916666666,2,82,7,6
100,685,685.2430555555557,3,123,22,6
100,686,686.2413194444443,6,247,3,6
100,687,687.2395833333334,1,41,15,6
100,688,688.2486979166666,8,330,23,6
100,689,689.2485119047619,7,289,31,6
100,690,690.2488425925926,9,372,47,6
100,691,691.2434895833334,8,331,51,6
100,692,692.2453703703703,9,373,52,6
100,693,693.2291666666666,1,41,38,6
100,694,694.2447916666666,10,416,35,6
100,695,695.2473958333334,4,166,55,6
100,696,696.2425595238095,7,292,27,6
100,697,697.2470238095239,7,292,54,6
100,698,698.2421875,4,167,37,6
100,699,699.2476851851852,9,377,38,6
100,700,700.234375,10,420,9,6
100,701,701.244212962963,9,378,43,6
100,702,702.24609375,8,337,5,6
100,703,703.2407407407408,9,379,48,6
100,704,704.2447916666666,10,422,35,6
100,705,705.2455357142858,7,296,13,6
100,706,706.2239583333334,10,423,47,6
100,707,707.248263888889,6,254,39,6
100,708,708.2465277777777,3,127,31,6
100,709,709.2447916666666,2,85,7,6
100,710,710.2430555555557,3,127,54,6
100,711,711.2413194444443,6,256,3,6
100,712,712.2395833333334,1,42,47,6
100,713,713.2486979166666,8,342,23,6
100,714,714.2485119047619,7,299,63,6
100,715,715.2488425925926,9,386,15,6
100,716,716.2434895833334,8,343,51,6
100,717,717.2453703703703,9,387,20,6
100,718,718.2291666666666,1,43,6,6
100,719,719.2447916666666,10,431,35,6
100,720,720.0,5,216,0,6
100,721,721.2239583333333,12,432,47,5
100,722,722.2499999999999,5,180,36,5
100,723,723.2421875,8,289,19,5
100,724,724.2410714285713,7,253,31,5
100,725,725.2430555555555,9,326,23,5
100,726,726.2215909090909,11,399,27,5
100,727,727.2499999999999,5,181,52,5
100,728,728.2421875,8,291,19,5
100,729,729.2410714285713,7,255,15,5
100,730,730.2430555555555,9,328,39,5
100,731,731.2215909090909,11,402,11,5
100,732,732.2499999999999,5,183,4,5
100,733,733.2421875,8,293,19,5
100,734,734.2410714285713,7,256,63,5
100,735,735.2430555555555,9,330,55,5
100,736,736.2215909090909,11,404,59,5
100,737,737.2499999999999,5,184,20,5
100,738,738.2421875,8,295,19,5
100,739,739.2410714285713,7,258,47,5
100,740,740.2430555555555,9,333,7,5
100,741,741.2215909090909,11,407,43,5
100,742,742.2499999999999,5,185,36,5
100,743,743.2421875,8,297,19,5
100,744,744.2410714285713,7,260,31,5
100,745,745.2430555555555,9,335,23,5
100,746,746.2215909090909,11,410,27,5
100,747,747.2499999999999,5,186,52,5
100,748,748.2421875,8,299,19,5
100,749,749.2410714285713,7,262,15,5
100,750,750.2430555555555,9,337,39,5
100,751,751.2215909090909,11,413,11,5
100,752,752.2499999999999,5,188,4,5
100,753,753.2421875,8,301,19,5
100,754,754.2410714285713,7,263,63,5
100,755,755.2430555555555,9,339,55,5
100,756,756.2215909090909,11,415,59,5
100,757,757.2499999999999,5,189,20,5
100,758,758.2421875,8,303,19,5
100,759,759.2410714285713,7,265,47,5
100,760,760.2430555555555,9,342,7,5
100,761,761.2215909090909,11,418,43,5
100,762,762.2499999999999,5,190,36,5
100,763,763.2421875,8,305,19,5
100,764,764.2410714285713,7,267,31,5
100,765,765.2430555555555,9,344,23,5
100,766,766.2215909090909,11,421,27,5
100,767,767.2499999999999,5,191,52,5
100,768,768.2421875,8,307,19,5
100,769,769.2410714285713,7,269,15,5
100,770,770.2430555555555,9,346,39,5
100,771,771.2215909090909,11,424,11,5
100,772,772.2499999999999,5,193,4,5
100,773,773.2421875,8,309,19,5
100,774,774.2410714285713,7,270,63,5
100,775,775.2430555555555,9,348,55,5
100,776,776.2215909090909,11,426,59,5
100,777,777.2499999999999,5,194,20,5
100,778,778.2421875,8,311,19,5
100,779,779.2410714285713,7,272,47,5
100,780,780.2430555555555,9,351,7,5
100,781,781.2215909090909,11,429,43,5
100,782,782.2499999999999,5,195,36,5
100,783,783.2421875,8,313,19,5
100,784,784.2410714285713,7,274,31,5
100,785,785.2430555555555,9,353,23,5
100,786,786.2215909090909,11,432,27,5
100,787,787.2499999999999,5,196,52,5
100,788,788.2421875,8,315,19,5
100,789,789.2410714285713,7,276,15,5
100,790,790.2430555555555,9,355,39,5
100,791,791.21875,10,395,39,5
100,792,792.2499999999999,5,198,4,5
100,793,793.2421875,8,317,19,5
100,794,794.2410714285713,7,277,63,5
100,795,795.2430555555555,9,357,55,5
100,796,796.21875,10,398,7,5
100,797,797.2499999999999,5,199,20,5
100,798,798.2421875,8,319,19,5
100,799,799.2410714285713,7,279,47,5
100,800,800.2430555555555,9,360,7,5
100,801,801.21875,10,400,39,5
100,802,802.2499999999999,5,200,36,5
100,803,803.2421875,8,321,19,5
100,804,804.2410714285713,7,281,31,5
100,805,805.2430555555555,9,362,23,5
100,806,806.21875,10,403,7,5
100,807,807.2499999999999,5,201,52,5
100,808,808.2421875,8,323,19,5
100,809,809.2410714285713,7,283,15,5
100,810,810.2430555555555,9,364,39,5
100,811,811.21875,10,405,39,5
100,812,812.2499999999999,5,203,4,5
100,813,813.2421875,8,325,19,5
100,814,814.2410714285713,7,284,63,5
100,815,815.2430555555555,9,366,55,5
100,816,816.21875,10,408,7,5
100,817,817.2499999999999,5,204,20,5
100,818,818.2421875,8,327,19,5
100,819,819.2410714285713,7,286,47,5
100,820,820.2430555555557,9,369,7,5
100,821,821.21875,10,410,39,5
100,822,822.2395833333333,6,246,43,5
100,823,823.2421875,8,329,19,5
100,824,824.2410714285713,7,288,31,5
100,825,825.2430555555557,9,371,23,5
100,826,826.21875,10,413,7,5
100,827,827.2395833333333,6,248,11,5
100,828,828.2421875,8,331,19,5
100,829,829.2410714285713,7,290,15,5
100,830,830.2430555555557,9,373,39,5
100,831,831.21875,10,415,39,5
100,832,832.2395833333333,6,249,43,5
100,833,833.2421875,8,333,19,5
100,834,834.2410714285713,7,291,63,5
100,835,835.2430555555557,9,375,55,5
100,836,836.21875,10,418,7,5
100,837,837.2395833333333,6,251,11,5
100,838,838.2421875,8,335,19,5
100,839,839.2410714285713,7,293,47,5
100,840,840.2430555555557,9,378,7,5
100,841,841.21875,10,420,39,5
100,842,842.2395833333333,6,252,43,5
100,843,843.2421875,8,337,19,5
100,844,844.2410714285713,7,295,31,5
100,845,845.2430555555557,9,380,23,5
100,846,846.21875,10,423,7,5
100,847,847.2395833333333,6,254,11,5
100,848,848.2421875,8,339,19,5
100,849,849.2410714285713,7,297,15,5
100,850,850.2430555555557,9,382,39,5
100,851,851.21875,10,425,39,5
100,852,852.2395833333333,6,255,43,5
100,853,853.2421875,8,341,19,5
100,854,854.2410714285713,7,298,63,5
100,855,855.2430555555557,9,384,55,5
100,856,856.21875,10,428,7,5
100,857,857.2395833333333,6,257,11,5
100,858,858.2421875,8,343,19,5
100,859,859.2410714285713,7,300,47,5
100,860,860.2430555555557,9,387,7,5
100,861,861.21875,10,430,39,5
100,862,862.2395833333333,6,258,43,5
100,863,863.2421875,8,345,19,5
100,864,864.0,5,216,0,5
100,865,865.234375,1,34,39,4
100,866,866.2434895833334,12,415,51,4
100,867,867.2433035714287,7,242,53,4
100,868,868.2477678571429,7,243,7,4
100,869,869.2471590909091,11,382,30,4
100,870,870.2473958333334,6,208,55,4
100,871,871.240234375,8,278,51,4
100,872,872.2330729166666,12,418,43,4
100,873,873.2421875,2,69,55,4
100,874,874.21875,1,34,62,4
100,875,875.2485795454545,11,385,7,4
100,876,876.2499999999999,5,175,16,4
100,877,877.24609375,4,140,23,4
100,878,878.2421875000001,10,351,19,4
100,879,879.248046875,8,281,23,4
100,880,880.2455357142858,7,246,30,4
100,881,881.2174479166666,12,422,63,4
100,882,882.2482638888889,9,317,39,4
100,883,883.2465277777778,9,317,62,4
100,884,884.2447916666666,3,106,7,4
100,885,885.2430555555555,9,318,44,4
100,886,886.2413194444445,9,319,3,4
100,887,887.2395833333334,3,106,30,4
100,888,888.2486979166666,12,426,23,4
100,889,889.2400568181819,11,391,17,4
100,890,890.234375,1,35,39,4
100,891,891.2434895833334,12,427,51,4
100,892,892.2433035714287,7,249,53,4
100,893,893.2477678571429,7,250,7,4
100,894,894.2471590909091,11,393,30,4
100,895,895.2473958333334,6,214,55,4
100,896,896.240234375,8,286,51,4
100,897,897.2330729166666,12,430,43,4
100,898,898.2421875,2,71,55,4
100,899,899.21875,1,35,62,4
100,900,900.2485795454545,11,396,7,4
100,901,901.2499999999999,5,180,16,4
100,902,902.24609375,4,144,23,4
100,903,903.2421875000001,10,361,19,4
100,904,904.248046875,8,289,23,4
100,905,905.2455357142858,7,253,30,4
100,906,906.2144886363636,11,398,47,4
100,907,907.2482638888889,9,326,39,4
100,908,908.2465277777778,9,326,62,4
100,909,909.2447916666666,3,109,7,4
100,910,910.2430555555555,9,327,44,4
100,911,911.2413194444445,9,328,3,4
100,912,912.2395833333334,3,109,30,4
100,913,913.2457386363636,11,401,53,4
100,914,914.2400568181819,11,402,17,4
100,915,915.234375,1,36,39,4
100,916,916.2388392857142,7,256,35,4
100,917,917.2433035714287,7,256,53,4
100,918,918.2477678571429,7,257,7,4
100,919,919.2471590909091,11,404,30,4
100,920,920.2473958333334,6,220,55,4
100,921,921.240234375,8,294,51,4
100,922,922.2301136363636,11,405,50,4
100,923,923.2421875,2,73,55,4
100,924,924.21875,1,36,62,4
100,925,925.2485795454545,11,407,7,4
100,926,926.2499999999999,5,185,16,4
100,927,927.24609375,4,148,23,4
100,928,928.2421875000001,10,371,19,4
100,929,929.248046875,8,297,23,4
100,930,930.2455357142858,7,260,30,4
100,931,931.2144886363636,11,409,47,4
100,932,932.2482638888889,9,335,39,4
100,933,933.2465277777778,9,335,62,4
100,934,934.2447916666666,3,112,7,4
100,935,935.2430555555555,9,336,44,4
100,936,936.2413194444445,9,337,3,4
100,937,937.2395833333334,3,112,30,4
100,938,938.2457386363636,11,412,53,4
100,939,939.2400568181819,11,413,17,4
100,940,940.234375,1,37,39,4
100,941,941.2388392857142,7,263,35,4
100,942,942.2433035714287,7,263,53,4
100,943,943.2477678571429,7,264,7,4
100,944,944.2471590909091,11,415,30,4
100,945,945.2473958333334,6,226,55,4
100,946,946.240234375,8,302,51,4
100,947,947.2301136363636,11,416,50,4
100,948,948.2421875,2,75,55,4
100,949,949.21875,1,37,62,4
100,950,950.2485795454545,11,418,7,4
100,951,951.2499999999999,5,190,16,4
100,952,952.24609375,4,152,23,4
100,953,953.2421875000001,10,381,19,4
100,954,954.248046875,8,305,23,4
100,955,955.2455357142858,7,267,30,4
100,956,956.2144886363636,11,420,47,4
100,957,957.2482638888889,9,344,39,4
100,958,958.2465277777778,9,344,62,4
100,959,959.2447916666666,3,115,7,4
100,960,960.2430555555555,9,345,44,4
100,961,961.2413194444445,9,346,3,4
100,962,962.2395833333334,3,115,30,4
100,963,963.2457386363636,11,423,53,4
100,964,964.2400568181819,11,424,17,4
100,965,965.234375,1,38,39,4
100,966,966.2388392857142,7,270,35,4
100,967,967.2433035714287,7,270,53,4
100,968,968.2477678571429,7,271,7,4
100,969,969.2471590909091,11,426,30,4
100,970,970.2473958333334,6,232,55,4
100,971,971.240234375,8,310,51,4
100,972,972.2301136363636,11,427,50,4
100,973,973.2421875,2,77,55,4
100,974,974.21875,1,38,62,4
100,975,975.2485795454545,11,429,7,4
100,976,976.2499999999999,5,195,16,4
100,977,977.24609375,4,156,23,4
100,978,978.2421875000001,10,391,19,4
100,979,979.248046875,8,313,23,4
100,980,980.2455357142858,7,274,30,4
100,981,981.2144886363636,11,431,47,4
100,982,982.2482638888889,9,353,39,4
100,983,983.2465277777778,9,353,62,4
100,984,984.2447916666666,3,118,7,4
100,985,985.2430555555555,9,354,44,4
100,986,986.2413194444445,9,355,3,4
100,987,987.2395833333334,3,118,30,4
100,988,988.2421875,10,395,19,4
100,989,989.2361111111111,9,356,8,4
100,990,990.234375,1,39,39,4
100,991,991.2388392857142,7,277,35,4
100,992,992.2433035714287,7,277,53,4
100,993,993.2477678571429,7,278,7,4
100,994,994.23828125,4,159,5,4
100,995,995.2473958333334,6,238,55,4
100,996,996.240234375,8,318,51,4
100,997,997.2265625,10,398,57,4
100,998,998.2421875,2,79,55,4
100,999,999.21875,1,39,62,4
100,1000,1000.244140625,8,320,5,4
